 Time,Acc_x,Acc_y,Acc_z,HRM_b,HRM_c,HRM_r,HRM_f,PPG_r,PPG_o,BTHRM
 1654529604417.07421875,0.08276367187,0.22302246093,-0.99963378906,,,,,,,,
 1654529604429.61694335937,,,,,,2076,-4954,1038,0,
 1654529604469.83911132812,,,,,,1982,-3216,991,0,
 1654529604482.748046875,0.09802246093,0.15087890625,-0.98107910156,,,,,,,,
 1654529604550.22241210937,,,,,,2122,-976,1061,0,
 1654529604563.95532226562,0.05615234375,0.18505859375,-0.94836425781,,,,,,,,
 1654529604590.59716796875,,,,,,2266,1417,1133,0,
 1654529604630.8193359375,,,,,,2346,3634,1173,0,
 1654529604642.50756835937,-0.00708007812,0.33325195312,-0.93115234375,,,,,,,,
 1654529604671.19409179687,,,,,,2366,5461,1183,0,
 1654529604711.6298828125,,,,,,2342,6772,1171,0,
 1654529604722.73828125,0.01232910156,0.37951660156,-0.93762207031,,,,,,,,
 1654529604751.76049804687,,,,,,2286,7561,1143,0,
 1654529604792.07421875,,,,,,2350,7979,1175,0,
 1654529604802.75537109375,0.07873535156,0.36975097656,-0.95947265625,,,,,,,,
 1654529604832.75415039062,,,,,,2462,8181,1231,0,
 1654529604872.61010742187,,,,,,2430,8317,1215,0,
 1654529604882.49780273437,0.05969238281,0.3662109375,-0.99353027343,,,,,,,,
 1654529604913.01538085937,,,,,,2430,8582,1215,0,
 1654529605007.61987304687,0.04248046875,0.33544921875,-1.01257324218,,,,,,,,
 1654529605012.07543945312,,,,,,2454,9054,1227,0,
 1654529605034.20068359375,,,,,,2382,10529,1191,0,
 1654529605042.74560546875,0.03137207031,0.39196777343,-1.04443359375,,,,,,,,
 1654529605074.23974609375,,,,,,2366,11295,1183,0,
 1654529605114.7060546875,,,,,,2478,11855,1239,0,
 1654529605122.48803710937,0.00732421875,0.46630859375,-1.04675292968,,,,,,,,
 1654529605155.41650390625,,,,,,2618,12011,1309,0,
 1654529605195.66918945312,,,,,,2646,11486,1323,0,
 1654529605203.14599609375,,,,60,33,,,,
 1654529605207.4794921875,0.04724121093,0.40393066406,-0.9560546875,,,,,,,,
 1654529605235.43359375,,,,,,2670,10229,1335,0,
 1654529605275.56420898437,,,,,,2638,8243,1319,0,
 1654529605283.31567382812,0.00952148437,0.35717773437,-0.93981933593,,,,,,,,
 1654529605315.90844726562,,,,,,2606,5665,1303,0,
 1654529605356.34423828125,,,,,,2538,2712,1269,0,
 1654529605364.12622070312,-0.02673339843,0.34997558593,-0.96362304687,,,,,,,,
 1654529605396.62744140625,,,,,,2494,-301,1247,0,
 1654529605436.81909179687,,,,,,2478,-3028,1239,0,
 1654529605445.45556640625,-0.02600097656,0.38000488281,-0.96533203125,,,,,,,,
 1654529605477.56005859375,,,,,,2414,-5169,1207,0,
 1654529605517.32446289062,,,,,,2326,-6515,1163,0,
 1654529605524.984375,-0.00170898437,0.38671875,-0.96606445312,,,,,,,,
 1654529605557.8212890625,,,,,,2270,-6944,1135,0,
 1654529605600.5458984375,,,,,,2222,-6486,1111,0,
 1654529605605.73388671875,0.05139160156,0.34814453125,-0.95080566406,,,,,,,,
 1654529605638.29614257812,,,,,,2198,-5316,1099,0,
 1654529605681.32592773437,,,,,,2230,-3733,1115,0,
 1654529605686.54443359375,0.07507324218,0.33020019531,-0.94787597656,,,,,,,,
 1654529605718.89306640625,,,,,,2294,-2089,1147,0,
 1654529605761.9228515625,,,,,,2302,-803,1151,0,
 1654529605799.58154296875,,,,,,2326,-206,1163,0,
 1654529605842.3671875,,,,,,2318,-595,1159,0,
 1654529605922.90307617187,,,,,,2318,-2058,1159,0,
 1654529606005.36157226562,,,,,,2286,-4537,1143,0,
 1654529606016.34790039062,,,,,,2286,-7809,1143,0,
 1654529606084.52416992187,0.09790039062,0.33410644531,-0.95007324218,,,,,,,,
 1654529606088.5830078125,,,,,,2198,-11534,1099,0,
 1654529606122.09130859375,,,,,,2122,-15256,1061,0,
 1654529606164.93798828125,0.08630371093,0.33508300781,-0.95690917968,,,,,,,,
 1654529606169.1494140625,,,,,,2046,-18485,1023,0,
 1654529606202.65771484375,,,,,,1982,-20758,991,0,
 1654529606245.47387695312,0.07165527343,0.32922363281,-0.96423339843,,,,,,,,
 1654529606249.9599609375,,,,,,1962,-21704,981,0,
 1654529606283.22412109375,,,,,,1958,-21102,979,0,
 1654529606326.25390625,0.06884765625,0.33386230468,-0.96350097656,,,,,,,,
 1654529606330.31274414062,,,,,,2026,-18897,1013,0,
 1654529606363.82104492187,,,,,,2174,-15263,1087,0,
 1654529606406.88134765625,0.07067871093,0.3359375,-0.958984375,,,,,,,,
 1654529606410.8486328125,,,,,,2398,-10498,1199,0,
 1654529606444.41796875,,,,,,2622,-5086,1311,0,
 1654529606487.29516601562,0.07153320312,0.32238769531,-0.958984375,,,,,,,,
 1654529606491.50659179687,,,,,,2814,465,1407,0,
 1654529606524.984375,,,,,,3002,5613,1501,0,
 1654529606568.8076171875,0.06774902343,0.30871582031,-0.96411132812,,,,,,,,
 1654529606573.080078125,,,,,,3150,9920,1575,0,
 1654529606616.38452148437,,,,,,3294,13064,1647,0,
 1654529606648.763671875,0.06909179687,0.29821777343,-0.97290039062,,,,,,,,
 1654529606652.85302734375,,,,,,3454,14914,1727,0,
 1654529606686.17822265625,,,,,,3614,15440,1807,0,
 1654529606722.25,0.06665039062,0.29748535156,-0.97692871093,,,,,,,,
 1654529606767.81274414062,,,,,,3886,14879,1943,0,
 1654529606772.60400390625,,,,56,33,,,,
 1654529606802.083984375,0.06762695312,0.29821777343,-0.96728515625,,,,,,,,
 1654529606847.1279296875,,,,,,4086,13484,2043,0,
 1654529606882.19262695312,0.07434082031,0.29956054687,-0.962890625,,,,,,,,
 1654529606927.66381835937,,,,,,4222,11593,2111,0,
 1654529607005.94140625,0.07434082031,0.30224609375,-0.97326660156,,,,,,,,
 1654529607049.06274414062,0.072265625,0.30773925781,-0.97082519531,,,,,,,,
 1654529607053.45727539062,,,,,,4734,8016,2367,0,
 1654529607089.13232421875,,,,,,4982,6836,2491,0,
 1654529607129.01879882812,0.06921386718,0.31225585937,-0.95300292968,,,,,,,,
 1654529607133.07763671875,,,,,,5214,6177,2607,0,
 1654529607157.82739257812,,,,88,100,,,,
 1654529607160.87915039062,,,,,,,,,,88
 1654529607171.1025390625,,,,,,5406,6013,2703,0,
 1654529607207.38793945312,0.06567382812,0.32275390625,-0.95825195312,,,,,,,,
 1654529607213.94921875,,,,,,5550,6131,2775,0,
 1654529607250.11254882812,,,,,,5678,6304,2839,0,
 1654529607287.0693359375,0.06188964843,0.32556152343,-0.95129394531,,,,,,,,
 1654529607293.69165039062,,,,,,5822,6172,2911,0,
 1654529607330.95361328125,,,,,,5966,5430,2983,0,
 1654529607362.11206054687,0.05078125,0.33728027343,-0.96166992187,,,,,,,,
 1654529607373.46459960937,,,,,,6142,3800,3071,0,
 1654529607411.73364257812,,,,,,6270,1115,3135,0,
 1654529607442.12915039062,0.04040527343,0.35009765625,-0.97473144531,,,,,,,,
 1654529607453.48168945312,,,,,,6430,-2588,3215,0,
 1654529607491.75073242187,,,,,,6590,-7193,3295,0,
 1654529607521.9326171875,0.03662109375,0.34252929687,-0.96740722656,,,,,,,,
 1654529607533.71240234375,,,,,,6718,-12361,3359,0,
 1654529607572.98852539062,,,,,,6862,-17697,3431,0,
 1654529607602.07177734375,0.02648925781,0.34631347656,-0.9794921875,,,,,,,,
 1654529607613.4853515625,,,,,,6974,-22594,3487,0,
 1654529607653.37182617187,,,,,,7102,-26616,3551,0,
 1654529607682.14990234375,0.01867675781,0.34069824218,-0.97375488281,,,,,,,,
 1654529607698.38525390625,,,,,,7166,-29437,3583,0,
 1654529607734.36547851562,,,,,,7390,-30652,3695,0,
 1654529607763.05200195312,0.01293945312,0.33715820312,-0.96484375,,,,,,,,
 1654529607775.86938476562,,,,,,7670,-30129,3835,0,
 1654529607814.19946289062,,,,,,7606,-27986,2775,1028,
 1654529607842.18408203125,0.00610351562,0.34582519531,-0.95849609375,,,,,,,,
 1654529607854.87939453125,,,,,,7542,-24406,2911,860,
 1654529607894.79638671875,,,,,,7670,-19675,3007,828,
 1654529607922.04858398437,0.00805664062,0.35095214843,-0.947265625,,,,,,,,
 1654529607935.32373046875,,,,,,7734,-14329,3071,796,
 1654529608006.49072265625,,,,,,7846,-8869,3159,764,
 1654529608022.72607421875,,,,,,7918,-3818,3227,732,
 1654529608056.69213867187,,,,,,8022,438,3311,700,
 1654529608082.11328125,0.01843261718,0.37927246093,-0.95568847656,,,,,,,,
 1654529608096.73120117187,,,,,,8118,3531,3391,668,
 1654529608136.61767578125,,,,,,8182,5274,3455,636,
 1654529608162.16088867187,0.009765625,0.38952636718,-0.95947265625,,,,,,,,
 1654529608177.23657226562,,,,,,8246,5658,3519,604,
 1654529608217.91650390625,,,,,,8278,4814,3567,572,
 1654529608223.04345703125,,,,52,51,,,,
 1654529608264.6083984375,,,,88,100,,,,
 1654529608267.904296875,,,,,,,,,,88
 1654529608270.68139648437,0.00354003906,0.38073730468,-0.95715332031,,,,,,,,
 1654529608275.28955078125,,,,,,8310,3005,3615,540,
 1654529608322.07299804687,0.00061035156,0.37451171875,-0.96020507812,,,,,,,,
 1654529608338.52197265625,,,,,,8406,589,3695,508,
 1654529608379.04931640625,,,,,,8438,-1996,3743,476,
 1654529608402.12060546875,0.00134277343,0.36950683593,-0.95532226562,,,,,,,,
 1654529608418.96630859375,,,,,,8438,-4382,3775,444,
 1654529608460.19555664062,,,,,,8470,-6215,3823,412,
 1654529608481.95458984375,-0.00036621093,0.36303710937,-0.94055175781,,,,,,,,
 1654529608499.62426757812,,,,,,8406,-7284,1919,2284,
 1654529608539.60229492187,,,,,,8342,-7379,2047,2124,
 1654529608562.03271484375,-0.00744628906,0.35900878906,-0.93786621093,,,,,,,,
 1654529608580.22119140625,,,,,,8566,-6348,2191,2092,
 1654529608620.19921875,,,,,,8726,-4296,2303,2060,
 1654529608642.08032226562,-0.0263671875,0.35705566406,-0.94909667968,,,,,,,,
 1654529608660.75708007812,,,,,,8902,-1397,2423,2028,
 1654529608700.85717773437,,,,,,9046,2105,2527,1996,
 1654529608721.79223632812,-0.05285644531,0.34680175781,-0.95642089843,,,,,,,,
 1654529608741.23193359375,,,,,,9030,5865,2551,1964,
 1654529608781.72875976562,,,,,,8982,9569,2559,1932,
 1654529608802.11450195312,-0.06945800781,0.34838867187,-0.9609375,,,,,,,,
 1654529608822.31713867187,,,,,,8982,12953,2591,1900,
 1654529608861.98999023437,,,,,,8918,15718,2591,1868,
 1654529608882.0400390625,-0.05529785156,0.37719726562,-0.95886230468,,,,,,,,
 1654529608902.57836914062,,,,,,8838,17686,2583,1836,
 1654529608942.5869140625,,,,,,8694,18733,2543,1804,
 1654529609008.68798828125,-0.01745605468,0.40417480468,-0.94641113281,,,,,,,,
 1654529609012.92993164062,,,,,,8366,18772,2411,1772,
 1654529609031.11840820312,,,,52,51,,,,
 1654529609042.16577148437,0.02624511718,0.42504882812,-0.91760253906,,,,,,,,
 1654529609103.93334960937,,,,,,6958,15932,1771,1708,
 1654529609122.0302734375,0.06750488281,0.45043945312,-0.89697265625,,,,,,,,
 1654529609144.94897460937,,,,,,6358,13424,1503,1676,
 1654529609184.80493164062,,,,,,5838,10494,1275,1644,
 1654529609201.83374023437,0.08679199218,0.47583007812,-0.88940429687,,,,,,,,
 1654529609224.96606445312,,,,,,5326,7347,1051,1612,
 1654529609305.2578125,,,,,,4246,3926,543,1580,
 1654529609365.25537109375,,,,85,100,,,,
 1654529609368.33764648437,,,,,,,,,,85
 1654529609371.45043945312,0.11999511718,0.53088378906,-0.82592773437,,,,,,,,
 1654529609375.5703125,,,,,,3508,666,206,1548,
 1654529609426.32104492187,,,,,,3444,-2034,1431,291,
 1654529609466.66528320312,,,,,,3380,-4159,1295,395,
 1654529609506.76538085937,,,,,,3060,-5723,1167,363,
 1654529609521.99365234375,0.09875488281,0.564453125,-0.81896972656,,,,,,,,
 1654529609547.17065429687,,,,,,2708,-6717,1023,331,
 1654529609587.54541015625,,,,,,2436,-7127,919,299,
 1654529609627.67602539062,,,,,,2188,-7126,827,267,
 1654529609681.53955078125,0.04528808593,0.5771484375,-0.82897949218,,,,,,,,
 1654529609708.578125,,,,,,1916,-6916,723,235,
 1654529609748.55615234375,,,,,,1812,-6655,703,203,
 1654529609762.92993164062,0.02429199218,0.57861328125,-0.8505859375,,,,,,,,
 1654529609789.2666015625,,,,,,1636,-6607,647,171,
 1654529609829.15307617187,,,,,,1364,-7023,543,139,
 1654529609869.466796875,,,,,,1072,-7978,429,107,
 1654529609929.46435546875,0.01611328125,0.57531738281,-0.83752441406,,,,,,,,
 1654529609933.73681640625,,,,,,788,-9554,319,75,
 1654529610002.46240234375,,,,,,852,-11593,2379,-1953,
 1654529610013.69287109375,,,,,,916,-14071,2303,-1845,
 1654529610030.87426757812,,,,,,884,-16774,2255,-1813,
 1654529610071.15747070312,,,,,,788,-19411,2175,-1781,
 1654529610081.56396484375,0.01416015625,0.60803222656,-0.81640625,,,,,,,,
 1654529610111.2880859375,,,,,,708,-21641,2103,-1749,
 1654529610151.47973632812,,,,,,612,-23185,2023,-1717,
 1654529610161.458984375,0.01086425781,0.59411621093,-0.81945800781,,,,,,,,
 1654529610191.8544921875,,,,,,564,-23745,1967,-1685,
 1654529610232.259765625,,,,,,628,-23066,1967,-1653,
 1654529610241.72021484375,0.00817871093,0.607421875,-0.80639648437,,,,,,,,
 1654529610272.4208984375,,,,,,724,-21022,1983,-1621,
 1654529610312.76513671875,,,,,,916,-17572,2047,-1589,
 1654529610321.76782226562,0.00695800781,0.62512207031,-0.80029296875,,,,,,,,
 1654529610393.2705078125,,,,,,1140,-12858,2127,-1557,
 1654529610401.17456054687,0.00231933593,0.61975097656,-0.80883789062,,,,,,,,
 1654529610433.82836914062,,,,,,1268,-7189,2159,-1525,
 1654529610457.6015625,,,,82,100,,,,
 1654529610460.56176757812,,,,,,,,,,82
 1654529610474.14208984375,,,,,,1428,-824,2207,-1493,
 1654529610482.07666015625,0.00109863281,0.61730957031,-0.81079101562,,,,,,,,
 1654529610514.45581054687,,,,,,1580,5795,2251,-1461,
 1654529610554.67797851562,,,,,,1708,12250,2283,-1429,
 1654529610562.58203125,0.00158691406,0.62243652343,-0.80651855468,,,,,,,,
 1654529610594.80859375,,,,,,1812,18076,2303,-1397,
 1654529610635.12231445312,,,,,,1924,23018,2327,-1365,
 1654529610642.904296875,-0.00134277343,0.63000488281,-0.80139160156,,,,,,,,
 1654529610675.77172851562,,,,,,2004,26811,2335,-1333,
 1654529610715.658203125,,,,,,2052,29342,2327,-1301,
 1654529610723.37915039062,0.00048828125,0.63049316406,-0.80212402343,,,,,,,,
 1654529610756.12451171875,,,,,,2100,30530,2319,-1269,
 1654529610800.03930664062,,,,,,2164,30495,2319,-1237,
 1654529610805.013671875,,,,48,51,,,,
 1654529610809.01147460937,0.00122070312,0.62231445312,-0.80346679687,,,,,,,,
 1654529610836.72143554687,,,,,,2196,29416,2303,-1205,
 1654529610879.78173828125,,,,,,2260,27592,2303,-1173,
 1654529610885.091796875,0.00170898437,0.61853027343,-0.80822753906,,,,,,,,
 1654529610917.1962890625,,,,,,2276,25173,2279,-1141,
 1654529611008.59643554687,-0.00024414062,0.61779785156,-0.80944824218,,,,,,,,
 1654529611013.05200195312,,,,,,2324,22376,2271,-1109,
 1654529611045.09545898437,-0.00012207031,0.62268066406,-0.80480957031,,,,,,,,
 1654529611049.70361328125,,,,,,2548,16260,2319,-1045,
 1654529611078.63427734375,,,,,,2644,13130,2335,-1013,
 1654529611121.57250976562,,,,,,2740,9895,2351,-981,
 1654529611159.10913085937,,,,,,2828,6477,2363,-949,
 1654529611202.13891601562,,,,,,2900,2732,2367,-917,
 1654529611239.52294921875,,,,,,2964,-1406,2367,-885,
 1654529611282.61376953125,,,,,,2996,-6026,2351,-853,
 1654529611320.21142578125,,,,,,3060,-11103,2351,-821,
 1654529611363.2412109375,0.00476074218,0.62414550781,-0.80981445312,,,,,,,,
 1654529611367.45263671875,,,,,,3124,-16508,2351,-789,
 1654529611400.86938476562,,,,,,3188,-22001,2351,-757,
 1654529611444.81469726562,0.00537109375,0.62048339843,-0.8017578125,,,,,,,,
 1654529611449.02612304687,,,,,,3252,-27307,2351,-725,
 1654529611481.4052734375,,,,,,3300,-32214,2343,-693,
 1654529611524.58764648437,0.0087890625,0.61975097656,-0.79919433593,,,,,,,,
 1654529611528.70751953125,,,,,,3332,-32768,2327,-661,
 1654529611562.826171875,,,,82,100,,,,
 1654529611565.90844726562,,,,,,,,,,82
 1654529611569.14331054687,,,,,,3348,-32768,2303,-629,
 1654529611605.94750976562,0.01245117187,0.62145996093,-0.79895019531,,,,,,,,
 1654529611610.0673828125,,,,,,3404,-32768,2299,-597,
 1654529611685.53735351562,0.00903320312,0.6181640625,-0.79467773437,,,,,,,,
 1654529611689.74877929687,,,,,,3396,-32768,2263,-565,
 1654529611723.2265625,,,,,,3436,-32768,2251,-533,
 1654529611766.0732421875,0.00634765625,0.61340332031,-0.79895019531,,,,,,,,
 1654529611770.52880859375,,,,,,3508,-32768,2255,-501,
 1654529611803.82348632812,,,,,,3604,-32768,2271,-469,
 1654529611846.85327148437,0.00512695312,0.61328125,-0.80517578125,,,,,,,,
 1654529611850.88159179687,,,,,,3700,-32768,2287,-437,
 1654529611884.38989257812,,,,,,3796,-32768,2303,-405,
 1654529611927.48071289062,0.00659179687,0.61645507812,-0.80383300781,,,,,,,,
 1654529611931.53955078125,,,,,,3860,-32768,2303,-373,
 1654529612006.21606445312,,,,,,3924,-32768,2303,-341,
 1654529612017.904296875,,,,,,3988,-32768,2303,-309,
 1654529612045.40063476562,,,,,,4052,-32768,2303,-277,
 1654529612082.14379882812,0.00598144531,0.62585449218,-0.79418945312,,,,,,,,
 1654529612106.19165039062,,,,79,100,,,,
 1654529612109.54858398437,,,,,,,,,,79
 1654529612126.11962890625,,,,,,4100,-32768,2295,-245,
 1654529612161.3369140625,0.00805664062,0.62854003906,-0.79663085937,,,,,,,,
 1654529612206.44189453125,,,,,,4164,-29797,2295,-213,
 1654529612241.1708984375,0.01208496093,0.62866210937,-0.79992675781,,,,,,,,
 1654529612287.19140625,,,,,,4164,-25050,2263,-181,
 1654529612321.126953125,0.01403808593,0.62463378906,-0.79724121093,,,,,,,,
 1654529612367.6357421875,,,,,,4180,-17984,2239,-149,
 1654529612408.31567382812,0.01806640625,0.61962890625,-0.80017089843,,,,,,,,
 1654529612412.435546875,,,,,,4228,-8233,2231,-117,
 1654529612448.41577148437,,,,,,4268,4258,2219,-85,
 1654529612488.18017578125,0.01574707031,0.62036132812,-0.80261230468,,,,,,,,
 1654529612492.42211914062,,,,,,4324,19407,2215,-53,
 1654529612528.70751953125,,,,,,4372,32767,2207,-21,
 1654529612566.27465820312,0.01159667968,0.61657714843,-0.8046875,,,,,,,,
 1654529612573.6904296875,,,,,,4446,32767,2223,0,
 1654529612578.54272460937,,,,44,60,,,,
 1654529612609.79272460937,,,,,,4510,32767,2255,0,
 1654529612645.98657226562,0.0126953125,0.61486816406,-0.81311035156,,,,,,,,
 1654529612652.63940429687,,,,,,4574,32767,2287,0,
 1654529612690.17602539062,,,,,,4606,32767,2303,0,
 1654529612721.09033203125,0.01220703125,0.6181640625,-0.81372070312,,,,,,,,
 1654529612732.9921875,,,,,,4654,32767,2327,0,
 1654529612770.62036132812,,,,,,4654,32767,2327,0,
 1654529612801.107421875,0.00891113281,0.61767578125,-0.8046875,,,,,,,,
 1654529612851.0341796875,,,,,,4654,32767,2327,0,
 1654529612881.21606445312,0.00732421875,0.6142578125,-0.79943847656,,,,,,,,
 1654529612892.81274414062,,,,,,4670,32767,2335,0,
 1654529612932.24145507812,,,,,,4662,32767,2331,0,
 1654529613009.81713867187,0.0107421875,0.60852050781,-0.80224609375,,,,,,,,
 1654529613013.90649414062,,,,,,4654,32767,2327,0,
 1654529613041.18920898437,0.00708007812,0.60998535156,-0.80554199218,,,,,,,,
 1654529613053.60986328125,,,,,,4654,32767,2327,0,
 1654529613092.94702148437,,,,,,4606,25627,2303,0,
 1654529613121.45043945312,0.00341796875,0.61279296875,-0.80200195312,,,,,,,,
 1654529613133.3828125,,,,,,4602,2201,2301,0,
 1654529613173.39135742187,,,,,,4558,-19503,2279,0,
 1654529613272.93969726562,,,,79,100,,,,
 1654529613276.02197265625,,,,,,,,,,79
 1654529613281.6982421875,0.00476074218,0.61401367187,-0.79919433593,,,,,,,,
 1654529613286.48950195312,,,,,,4526,-32768,2263,0,
 1654529613291.9521484375,0.00952148437,0.61572265625,-0.796875,,,,,,,,
 1654529613334.85986328125,,,,,,4462,-32768,2231,0,
 1654529613361.31860351562,0.01281738281,0.61755371093,-0.79895019531,,,,,,,,
 1654529613375.53979492187,,,,,,4462,-32768,2231,0,
 1654529613415.2431640625,,,,,,4478,-32768,2239,0,
 1654529613440.8779296875,0.01220703125,0.61730957031,-0.81042480468,,,,,,,,
 1654529613455.73999023437,,,,,,4574,-32768,2287,0,
 1654529613495.84008789062,,,,,,4606,-32768,2303,0,
 1654529613521.078125,0.01098632812,0.61828613281,-0.81359863281,,,,,,,,
 1654529613536.39794921875,,,,,,4654,-32768,2327,0,
 1654529613576.46752929687,,,,,,4702,-32768,2351,0,
 1654529613601.15625,0.01147460937,0.61767578125,-0.806640625,,,,,,,,
 1654529613616.99487304687,,,,,,4702,-32768,2351,0,
 1654529613657.03393554687,,,,,,4718,-32768,2359,0,
 1654529613680.83764648437,0.00952148437,0.6142578125,-0.80041503906,,,,,,,,
 1654529613697.62231445312,,,,,,4718,-32768,2359,0,
 1654529613737.60034179687,,,,,,4734,-32768,2367,0,
 1654529613761.068359375,0.00866699218,0.61791992187,-0.79956054687,,,,,,,,
 1654529613778.21923828125,,,,,,4734,-32768,2367,0,
 1654529613818.197265625,,,,,,4702,-32768,2351,0,
 1654529613841.11596679687,0.01342773437,0.61755371093,-0.80017089843,,,,,,,,
 1654529613858.75512695312,,,,,,4702,-32768,2351,0,
 1654529613898.82470703125,,,,,,4662,-32768,2331,0,
 1654529613920.82788085937,0.013671875,0.6142578125,-0.79736328125,,,,,,,,
 1654529613939.35205078125,,,,,,4654,-32768,2327,0,
 1654529614006.00244140625,,,,,,4634,-32768,2317,0,
 1654529614023.45849609375,,,,,,4598,-32768,2299,0,
 1654529614060.23217773437,,,,,,4574,-32768,2287,0,
 1654529614081.07568359375,0.00305175781,0.62268066406,-0.79748535156,,,,,,,,
 1654529614100.57641601562,,,,,,4566,-25074,2283,0,
 1654529614140.5849609375,,,,,,4526,-13170,2263,0,
 1654529614160.75708007812,0.00463867187,0.61975097656,-0.80029296875,,,,,,,,
 1654529614181.1123046875,,,,,,4478,-930,2239,0,
 1654529614221.18188476562,,,,,,4438,10960,2219,0,
 1654529614241.10986328125,0.00012207031,0.62145996093,-0.80053710937,,,,,,,,
 1654529614261.70922851562,,,,,,4430,21885,2215,0,
 1654529614311.94116210937,,,,77,100,,,,
 1654529614314.99291992187,,,,,,,,,,77
 1654529614320.79125976562,,,,,,4462,31286,2231,0,
 1654529614325.82666015625,0.00012207031,0.62329101562,-0.79541015625,,,,,,,,
 1654529614342.611328125,,,,,,4542,32767,2271,0,
 1654529614383.23022460937,,,,,,4606,32767,2303,0,
 1654529614388.75390625,,,,42,60,,,,
 1654529614400.716796875,0.00317382812,0.62316894531,-0.79724121093,,,,,,,,
 1654529614422.93359375,,,,,,4606,32767,2303,0,
 1654529614463.4609375,,,,,,4654,32767,2327,0,
 1654529614481.06958007812,0.00048828125,0.62622070312,-0.80749511718,,,,,,,,
 1654529614503.255859375,,,,,,4670,32767,2335,0,
 1654529614543.56958007812,,,,,,4670,32767,2335,0,
 1654529614561.1171875,0.00341796875,0.62341308593,-0.81433105468,,,,,,,,
 1654529614584.21899414062,,,,,,4670,32767,2335,0,
 1654529614624.13598632812,,,,,,4702,32767,2351,0,
 1654529614640.67651367187,0.00988769531,0.61901855468,-0.81115722656,,,,,,,,
 1654529614664.93798828125,,,,,,4694,32767,2347,0,
 1654529614704.73291015625,,,,,,4702,32767,2351,0,
 1654529614721.029296875,0.0078125,0.61389160156,-0.80151367187,,,,,,,,
 1654529614745.26025390625,,,,,,4694,32767,2347,0,
 1654529614801.80932617187,0.0078125,0.61242675781,-0.79907226562,,,,,,,,
 1654529614826.10131835937,,,,,,4686,32767,2343,0,
 1654529614865.95727539062,,,,,,4654,32160,2327,0,
 1654529614880.63623046875,0.01098632812,0.61596679687,-0.80517578125,,,,,,,,
 1654529614906.51513671875,,,,,,4654,30640,2327,0,
 1654529614946.52368164062,,,,,,4606,28830,2303,0,
 1654529615013.54028320312,0.00939941406,0.61547851562,-0.80810546875,,,,,,,,
 1654529615017.99584960937,,,,,,4606,26518,2303,0,
 1654529615041.09765625,0.00964355468,0.61010742187,-0.80834960937,,,,,,,,
 1654529615067.98364257812,,,,,,4570,19869,2285,0,
 1654529615108.02270507812,,,,,,4526,15453,2263,0,
 1654529615120.59594726562,0.009765625,0.60864257812,-0.80847167968,,,,,,,,
 1654529615148.24487304687,,,,,,4478,10434,2239,0,
 1654529615188.314453125,,,,,,4478,4988,2239,0,
 1654529615200.79614257812,0.0087890625,0.61010742187,-0.81066894531,,,,,,,,
 1654529615268.85034179687,,,,,,4590,-567,2295,0,
 1654529615281.02685546875,0.01037597656,0.60754394531,-0.81579589843,,,,,,,,
 1654529615309.5302734375,,,,,,4606,-6032,2303,0,
 1654529615349.41674804687,,,,,,4654,-11100,2327,0,
 1654529615360.5556640625,0.01428222656,0.6064453125,-0.81811523437,,,,,,,,
 1654529615408.529296875,,,,76,100,,,,
 1654529615411.55053710937,,,,,,,,,,76
 1654529615414.7548828125,,,,,,4654,-15703,2327,0,
 1654529615430.8681640625,,,,,,4670,-19765,2335,0,
 1654529615442.00708007812,0.01501464843,0.60803222656,-0.81616210937,,,,,,,,
 1654529615470.57153320312,,,,,,4654,-23094,2327,0,
 1654529615510.64111328125,,,,,,4670,-25648,2335,0,
 1654529615520.833984375,0.01123046875,0.60766601562,-0.81103515625,,,,,,,,
 1654529615551.29052734375,,,,,,4670,-27644,2335,0,
 1654529615591.17700195312,,,,,,4654,-29158,2327,0,
 1654529615600.51538085937,0.00842285156,0.60961914062,-0.80969238281,,,,,,,,
 1654529615632.31469726562,,,,,,4638,-30360,2319,0,
 1654529615671.77392578125,,,,,,4606,-31320,2303,0,
 1654529615680.74609375,0.00817871093,0.61254882812,-0.81433105468,,,,,,,,
 1654529615712.1181640625,,,,,,4598,-32107,2299,0,
 1654529615752.55395507812,,,,,,4574,-32768,2287,0,
 1654529615760.48852539062,0.00903320312,0.61083984375,-0.81018066406,,,,,,,,
 1654529615792.6845703125,,,,,,4558,-32768,2279,0,
 1654529615832.99829101562,,,,,,4542,-32768,2271,0,
 1654529615840.81079101562,0.01049804687,0.60583496093,-0.80725097656,,,,,,,,
 1654529615873.67822265625,,,,,,4494,-32768,2247,0,
 1654529615913.5341796875,,,,,,4462,-32744,2231,0,
 1654529615921.46875,0.00805664062,0.60571289062,-0.81323242187,,,,,,,,
 1654529616005.697265625,,,,,,4438,-31507,2219,0,
 1654529616017.416015625,,,,,,4398,-29554,2199,0,
 1654529616034.59741210937,,,,,,4374,-26779,2187,0,
 1654529616075.033203125,,,,,,4382,-23213,2191,0,
 1654529616082.93725585937,0.00952148437,0.61254882812,-0.81066894531,,,,,,,,
 1654529616115.01123046875,,,,,,4414,-18923,2207,0,
 1654529616155.32495117187,,,,,,4478,-14012,2239,0,
 1654529616163.13745117187,0.00756835937,0.60986328125,-0.81469726562,,,,,,,,
 1654529616196.0048828125,,,,,,4542,-8791,2271,0,
 1654529616235.83032226562,,,,,,4566,-3455,2283,0,
 1654529616243.64282226562,0.00573730468,0.61169433593,-0.80725097656,,,,,,,,
 1654529616276.38818359375,,,,,,4590,1723,2295,0,
 1654529616319.7841796875,,,,,,4590,6439,2295,0,
 1654529616325.18579101562,0.01000976562,0.61145019531,-0.81115722656,,,,,,,,
 1654529616356.8935546875,,,,,,4590,10476,2295,0,
 1654529616399.80126953125,,,,,,4590,13655,2295,0,
 1654529616405.14184570312,0.01098632812,0.60925292968,-0.81286621093,,,,,,,,
 1654529616437.79565429687,,,,,,4590,15756,2295,0,
 1654529616480.4287109375,,,,,,4598,16780,2299,0,
 1654529616505.23950195312,,,,76,100,,,,
 1654529616508.32177734375,,,,,,,,,,76
 1654529616520.1015625,,,,,,4574,16686,2287,0,
 1654529616525.44213867187,,,,42,60,,,,
 1654529616560.96459960937,,,,,,4566,15572,2283,0,
 1654529616598.50122070312,,,,,,4558,13593,2279,0,
 1654529616641.3173828125,,,,,,4526,10913,2263,0,
 1654529616679.00659179687,,,,,,4478,8026,2239,0,
 1654529616722.09741210937,,,,,,4470,5047,2235,0,
 1654529616759.603515625,,,,,,4446,2199,2223,0,
 1654529616802.9384765625,0.00512695312,0.60620117187,-0.7978515625,,,,,,,,
 1654529616806.966796875,,,,,,4430,-422,2215,0,
 1654529616840.50561523437,,,,,,4414,-2343,2207,0,
 1654529616883.32177734375,0.00354003906,0.60473632812,-0.806640625,,,,,,,,
 1654529616887.533203125,,,,,,4382,-3486,2191,0,
 1654529616921.01098632812,,,,,,4350,-4032,2175,0,
 1654529617008.84057617187,0.00378417968,0.60510253906,-0.81396484375,,,,,,,,
 1654529617013.29614257812,,,,,,4350,-4004,2175,0,
 1654529617045.8583984375,0.00695800781,0.60534667968,-0.81726074218,,,,,,,,
 1654529617050.16137695312,,,,,,4478,-2153,2239,0,
 1654529617082.14379882812,,,,,,4542,-633,2271,0,
 1654529617125.50927734375,0.00842285156,0.60437011718,-0.81787109375,,,,,,,,
 1654529617129.78173828125,,,,,,4574,996,2287,0,
 1654529617162.89331054687,,,,,,4574,2609,2287,0,
 1654529617205.6484375,0.00817871093,0.60388183593,-0.81811523437,,,,,,,,
 1654529617209.82934570312,,,,,,4590,3933,2295,0,
 1654529617243.79541015625,,,,,,4598,4843,2299,0,
 1654529617280.2333984375,0.01110839843,0.60791015625,-0.81604003906,,,,,,,,
 1654529617323.65991210937,,,,,,4590,5257,2295,0,
 1654529617367.69677734375,0.01354980468,0.60864257812,-0.81628417968,,,,,,,,
 1654529617371.87768554687,,,,,,4606,5151,2303,0,
 1654529617377.09619140625,,,,45,47,,,,
 1654529617402.7919921875,,,,,,4590,4564,2295,0,
 1654529617447.591796875,0.01257324218,0.60803222656,-0.8173828125,,,,,,,,
 1654529617451.6201171875,,,,,,4574,3414,2287,0,
 1654529617485.15893554687,,,,,,4574,1793,2287,0,
 1654529617520.19311523437,0.01428222656,0.60559082031,-0.81469726562,,,,,,,,
 1654529617565.48120117187,,,,,,4542,-172,2271,0,
 1654529617607.83959960937,,,,74,100,,,,
 1654529617610.95239257812,,,,,,,,,,74
 1654529617614.03466796875,0.01086425781,0.60241699218,-0.81872558593,,,,,,,,
 1654529617646.2001953125,,,,,,4478,-2291,2239,0,
 1654529617680.31884765625,0.00830078125,0.60400390625,-0.82690429687,,,,,,,,
 1654529617726.61401367187,,,,,,4446,-4434,2223,0,
 1654529617760.15283203125,0.01330566406,0.60485839843,-0.82958984375,,,,,,,,
 1654529617807.39404296875,,,,,,4398,-6472,2199,0,
 1654529617847.70776367187,0.015625,0.60095214843,-0.82666015625,,,,,,,,
 1654529617851.73608398437,,,,,,4350,-8255,2175,0,
 1654529617888.08251953125,,,,,,4374,-9687,2187,0,
 1654529617925.28344726562,0.01770019531,0.60131835937,-0.81811523437,,,,,,,,
 1654529617932.24145507812,,,,,,4446,-10637,2223,0,
 1654529618006.4296875,,,,,,4510,-11071,2255,0,
 1654529618018.7587890625,,,,,,4542,-10971,2271,0,
 1654529618049.5205078125,,,,,,4606,-10280,2303,0,
 1654529618085.47021484375,0.01245117187,0.60290527343,-0.81030273437,,,,,,,,
 1654529618092.64184570312,,,,,,4638,-9064,2319,0,
 1654529618130.11743164062,,,,,,4638,-7410,2319,0,
 1654529618155.2333984375,,,,74,100,,,,
 1654529618166.00610351562,,,,,,,,,,74
 1654529618172.04858398437,0.00695800781,0.60119628906,-0.80627441406,,,,,,,,
 1654529618176.68725585937,,,,,,4654,-5408,2327,0,
 1654529618210.25659179687,,,,,,4670,-3196,2335,0,
 1654529618240.072265625,0.00219726562,0.60131835937,-0.80224609375,,,,,,,,
 1654529618252.279296875,,,,,,4694,-928,2347,0,
 1654529618290.7314453125,,,,,,4702,1224,2351,0,
 1654529618320.18090820312,0.00207519531,0.603515625,-0.80358886718,,,,,,,,
 1654529618332.41845703125,,,,,,4686,3106,2343,0,
 1654529618400.19799804687,0.00512695312,0.60876464843,-0.80407714843,,,,,,,,
 1654529618412.09985351562,,,,,,4670,4602,2335,0,
 1654529618452.32202148437,,,,,,4638,5586,2319,0,
 1654529618479.97094726562,0.00866699218,0.60803222656,-0.80334472656,,,,,,,,
 1654529618492.26953125,,,,,,4606,6012,2303,0,
 1654529618533.22412109375,,,,,,4590,5827,2295,0,
 1654529618538.35107421875,,,,43,60,,,,
 1654529618560.384765625,0.01037597656,0.60974121093,-0.80712890625,,,,,,,,
 1654529618572.80541992187,,,,,,4574,5087,2287,0,
 1654529618612.875,,,,,,4526,3859,2263,0,
 1654529618640.15771484375,0.01000976562,0.61682128906,-0.81103515625,,,,,,,,
 1654529618653.37182617187,,,,,,4510,2259,2255,0,
 1654529618693.5634765625,,,,,,4478,420,2239,0,
 1654529618719.9306640625,0.00988769531,0.62121582031,-0.80346679687,,,,,,,,
 1654529618733.90771484375,,,,,,4446,-1476,2223,0,
 1654529618774.22143554687,,,,,,4414,-3265,2207,0,
 1654529618800.2529296875,0.01086425781,0.62109375,-0.80310058593,,,,,,,,
 1654529618814.59619140625,,,,,,4462,-4748,2231,0,
 1654529618855.12353515625,,,,,,4542,-5788,2271,0,
 1654529618880.27001953125,0.01245117187,0.61376953125,-0.80700683593,,,,,,,,
 1654529618895.2236328125,,,,,,4598,-6306,2299,0,
 1654529618935.20166015625,,,,,,4670,-6236,2335,0,
 1654529619012.99096679687,0.01416015625,0.6103515625,-0.8037109375,,,,,,,,
 1654529619017.20239257812,,,,,,4702,-5613,2351,0,
 1654529619040.2431640625,0.01501464843,0.61291503906,-0.80834960937,,,,,,,,
 1654529619056.29541015625,,,,,,4718,-3049,2359,0,
 1654529619096.6396484375,,,,,,4734,-1375,2367,0,
 1654529619120.22973632812,0.01428222656,0.6162109375,-0.8095703125,,,,,,,,
 1654529619136.86181640625,,,,,,4734,325,2367,0,
 1654529619176.87036132812,,,,,,4758,1881,2379,0,
 1654529619199.85009765625,0.0087890625,0.61572265625,-0.80895996093,,,,,,,,
 1654529619217.39770507812,,,,,,4734,3116,2367,0,
 1654529619255.48364257812,,,,71,100,,,,
 1654529619258.53540039062,,,,,,,,,,71
 1654529619280.08081054687,0.00524902343,0.61437988281,-0.80773925781,,,,,,,,
 1654529619298.0556640625,,,,,,4734,3872,2367,0,
 1654529619338.216796875,,,,,,4702,4079,2351,0,
 1654529619360.189453125,0.00659179687,0.61169433593,-0.80505371093,,,,,,,,
 1654529619379.29345703125,,,,,,4686,3689,2343,0,
 1654529619384.66455078125,,,,43,60,,,,
 1654529619418.783203125,,,,,,4654,2697,2327,0,
 1654529619439.99291992187,0.00524902343,0.60424804687,-0.81213378906,,,,,,,,
 1654529619459.310546875,,,,,,4606,1132,2303,0,
 1654529619499.16650390625,,,,,,4606,-845,2303,0,
 1654529619520.13208007812,0.00866699218,0.599609375,-0.8154296875,,,,,,,,
 1654529619539.93798828125,,,,,,4574,-3110,2287,0,
 1654529619579.73291015625,,,,,,4542,-5452,2271,0,
 1654529619600.14916992187,0.01245117187,0.59643554687,-0.81494140625,,,,,,,,
 1654529619620.3212890625,,,,,,4542,-7690,2271,0,
 1654529619660.970703125,,,,,,4502,-9654,2251,0,
 1654529619679.98315429687,0.01831054687,0.62731933593,-0.75109863281,,,,,,,,
 1654529619701.009765625,,,,,,4494,-11168,2247,0,
 1654529619740.9267578125,,,,,,4542,-12081,2271,0,
 1654529619760.18334960937,0.01904296875,0.64892578125,-0.72644042968,,,,,,,,
 1654529619781.66772460937,,,,,,4654,-12317,2327,0,
 1654529619821.43212890625,,,,,,4734,-11826,2367,0,
 1654529619840.10888671875,0.01098632812,0.63098144531,-0.78283691406,,,,,,,,
 1654529619862.142578125,,,,,,4798,-10645,2399,0,
 1654529619902.02905273437,,,,,,4862,-8863,2431,0,
 1654529619919.97338867187,0.00939941406,0.61840820312,-0.80798339843,,,,,,,,
 1654529619942.64794921875,,,,,,4862,-6629,2431,0,
 1654529620006.97900390625,,,,,,4862,-4096,2431,0,
 1654529620025.01489257812,,,,,,4910,-1454,2455,0,
 1654529620063.40600585937,,,,,,4910,1071,2455,0,
 1654529620079.82446289062,0.02807617187,0.61315917968,-0.79760742187,,,,,,,,
 1654529620103.93334960937,,,,,,4926,3284,2463,0,
 1654529620143.7587890625,,,,,,4926,4996,2463,0,
 1654529620159.93310546875,0.021484375,0.62573242187,-0.80871582031,,,,,,,,
 1654529620184.37768554687,,,,,,4910,6071,2455,0,
 1654529620224.3251953125,,,,,,4886,6417,2443,0,
 1654529620240.10278320312,0.01635742187,0.64929199218,-0.81066894531,,,,,,,,
 1654529620265.43237304687,,,,,,4846,6003,2423,0,
 1654529620270.74243164062,,,,45,47,,,,
 1654529620305.2578125,,,,,,4822,4858,2411,0,
 1654529620319.7841796875,-0.01000976562,0.6123046875,-0.8251953125,,,,,,,,
 1654529620362.72241210937,,,,71,100,,,,
 1654529620366.07934570312,,,,,,,,,,71
 1654529620368.88696289062,,,,,,4782,3040,2391,0,
 1654529620385.7021484375,,,,,,4734,707,2367,0,
 1654529620400.68627929687,-0.01928710937,0.58874511718,-0.82775878906,,,,,,,,
 1654529620426.41259765625,,,,,,4702,-1932,2351,0,
 1654529620466.5126953125,,,,,,4654,-4672,2327,0,
 1654529620480.09301757812,-0.0048828125,0.60290527343,-0.78100585937,,,,,,,,
 1654529620506.46020507812,,,,,,4606,-7288,2303,0,
 1654529620546.65185546875,,,,,,4590,-9507,2295,0,
 1654529620559.74389648437,0.0029296875,0.609375,-0.76025390625,,,,,,,,
 1654529620586.96557617187,,,,,,4542,-11185,2271,0,
 1654529620627.58447265625,,,,,,4478,-12138,2239,0,
 1654529620639.6083984375,0.03576660156,0.66772460937,-0.64013671875,,,,,,,,
 1654529620667.9287109375,,,,,,4478,-12281,2239,0,
 1654529620707.87622070312,,,,,,4526,-11594,2263,0,
 1654529620719.90014648437,0.08447265625,0.74182128906,-0.51318359375,,,,,,,,
 1654529620748.6171875,,,,,,4590,-10115,2295,0,
 1654529620788.35107421875,,,,,,4654,-7991,2327,0,
 1654529620799.70361328125,0.11340332031,0.75451660156,-0.56237792968,,,,,,,,
 1654529620828.75634765625,,,,,,4670,-5422,2335,0,
 1654529620868.94799804687,,,,,,4694,-2665,2347,0,
 1654529620879.56811523437,0.12902832031,0.72595214843,-0.64172363281,,,,,,,,
 1654529620909.505859375,,,,,,4702,45,2351,0,
 1654529621003.71362304687,0.09143066406,0.638671875,-0.67858886718,,,,,,,,
 1654529621007.80297851562,,,,,,4686,2441,2343,0,
 1654529621030.14184570312,,,,,,4694,5469,2347,0,
 1654529621039.66333007812,0.05310058593,0.62512207031,-0.70422363281,,,,,,,,
 1654529621071.0048828125,,,,,,4702,5813,2351,0,
 1654529621111.5322265625,,,,,,4702,5314,2351,0,
 1654529621119.43627929687,,,,45,40,,,,
 1654529621123.89184570312,0.04040527343,0.62719726562,-0.78698730468,,,,,,,,
 1654529621151.17456054687,,,,,,4694,4028,2347,0,
 1654529621200.67407226562,0.02099609375,0.58740234375,-0.83703613281,,,,,,,,
 1654529621231.52734375,,,,,,4654,2061,2327,0,
 1654529621272.48193359375,,,,,,4606,-364,2303,0,
 1654529621280.4775390625,0.03588867187,0.59387207031,-0.81140136718,,,,,,,,
 1654529621312.42944335937,,,,,,4590,-3000,2295,0,
 1654529621352.40747070312,,,,,,4558,-5573,2279,0,
 1654529621360.34204101562,0.06787109375,0.654296875,-0.74523925781,,,,,,,,
 1654529621393.17895507812,,,,,,4534,-7819,2267,0,
 1654529621433.03491210937,,,,,,4502,-9504,2251,0,
 1654529621458.51708984375,,,,69,100,,,,
 1654529621461.8740234375,,,,,,,,,,69
 1654529621469.9306640625,0.01818847656,0.66577148437,-0.78430175781,,,,,,,,
 1654529621477.4990234375,,,,,,4446,-10458,2223,0,
 1654529621519.82690429687,-0.02905273437,0.61584472656,-0.85974121093,,,,,,,,
 1654529621553.85400390625,,,,,,4374,-10572,2187,0,
 1654529621594.1982421875,,,,,,4350,-9823,2175,0,
 1654529621602.16333007812,0.001953125,0.65515136718,-0.77307128906,,,,,,,,
 1654529621634.7255859375,,,,,,4390,-8241,2195,0,
 1654529621674.70361328125,,,,,,4462,-5989,2231,0,
 1654529621682.60766601562,-0.01879882812,0.6181640625,-0.76489257812,,,,,,,,
 1654529621715.50561523437,,,,,,4510,-3278,2255,0,
 1654529621757.92504882812,,,,,,4526,-380,2263,0,
 1654529621763.20458984375,-0.041015625,0.56555175781,-0.8642578125,,,,,,,,
 1654529621795.64477539062,,,,,,4526,2429,2263,0,
 1654529621838.67456054687,,,,,,4542,4859,2271,0,
 1654529621844.10668945312,-0.04309082031,0.64733886718,-0.83251953125,,,,,,,,
 1654529621876.21118164062,,,,,,4526,6661,2263,0,
 1654529621919.271484375,,,,,,4526,7697,2263,0,
 1654529622006.185546875,,,,,,4526,7852,2263,0,
 1654529622018.94189453125,,,,,,4542,7109,2271,0,
 1654529622024.64868164062,,,,49,40,,,,
 1654529622037.8017578125,,,,,,4534,5538,2267,0,
 1654529622080.892578125,,,,,,4542,3292,2271,0,
 1654529622117.97143554687,,,,,,4510,552,2255,0,
 1654529622160.970703125,,,,,,4478,-2416,2239,0,
 1654529622198.50732421875,,,,,,4462,-5341,2231,0,
 1654529622241.84228515625,0.04992675781,0.48706054687,-0.94555664062,,,,,,,,
 1654529622245.931640625,,,,,,4462,-7961,2231,0,
 1654529622322.37817382812,0.05249023437,0.52001953125,-0.97875976562,,,,,,,,
 1654529622326.43701171875,,,,,,4414,-10063,2207,0,
 1654529622359.91479492187,,,,,,4398,-11448,2199,0,
 1654529622402.73095703125,-0.01818847656,0.52917480468,-1.01721191406,,,,,,,,
 1654529622407.03393554687,,,,,,4374,-12030,2187,0,
 1654529622440.42016601562,,,,,,4350,-11737,2175,0,
 1654529622483.48046875,-0.0771484375,0.49792480468,-1.00073242187,,,,,,,,
 1654529622487.875,,,,,,4318,-10637,2159,0,
 1654529622521.04760742187,,,,,,4286,-8868,2143,0,
 1654529622565.81689453125,,,,69,100,,,,
 1654529622568.9296875,,,,,,,,,,69
 1654529622571.95092773437,0.02026367187,0.58447265625,-0.86376953125,,,,,,,,
 1654529622576.07080078125,,,,,,4350,-6542,2175,0,
 1654529622601.91918945312,,,,,,4414,-3920,2207,0,
 1654529622645.80346679687,0.14086914062,0.70935058593,-0.73950195312,,,,,,,,
 1654529622649.8623046875,,,,,,4462,-1236,2231,0,
 1654529622725.02709960937,0.107421875,0.68835449218,-0.76599121093,,,,,,,,
 1654529622729.26904296875,,,,,,4478,1253,2239,0,
 1654529622762.6552734375,,,,,,4510,3299,2255,0,
 1654529622805.77661132812,0.03979492187,0.65234375,-0.82202148437,,,,,,,,
 1654529622810.17114257812,,,,,,4510,4733,2255,0,
 1654529622843.34375,,,,,,4478,5396,2239,0,
 1654529622887.56372070312,0.02270507812,0.65441894531,-0.83569335937,,,,,,,,
 1654529622891.65307617187,,,,,,4478,5264,2239,0,
 1654529622897.02416992187,,,,54,40,,,,
 1654529622924.24584960937,,,,,,4510,4339,2255,0,
 1654529623009.63403320312,-0.03723144531,0.59387207031,-0.900390625,,,,,,,,
 1654529623013.96752929687,,,,,,4526,2691,2263,0,
 1654529623039.60229492187,-0.04443359375,0.57080078125,-0.92541503906,,,,,,,,
 1654529623084.89038085937,,,,,,4462,-2257,2231,0,
 1654529623107.65649414062,,,,68,100,,,,
 1654529623111.166015625,,,,,,,,,,68
 1654529623165.33471679687,,,,,,4430,-5129,2215,0,
 1654529623199.23974609375,-0.00402832031,0.59375,-0.84692382812,,,,,,,,
 1654529623246.08422851562,,,,,,4382,-7979,2191,0,
 1654529623286.15380859375,,,,,,4350,-10552,2175,0,
 1654529623326.498046875,,,,,,4318,-12655,2159,0,
 1654529623359.39599609375,0.00024414062,0.59692382812,-0.83898925781,,,,,,,,
 1654529623407.03393554687,,,,,,4350,-14076,2175,0,
 1654529623447.53076171875,,,,,,4414,-14687,2207,0,
 1654529623487.60034179687,,,,,,4470,-14432,2235,0,
 1654529623524.31298828125,0.01684570312,0.60424804687,-0.81652832031,,,,,,,,
 1654529623531.75927734375,,,,,,4510,-13277,2255,0,
 1654529623568.77709960937,,,,,,4542,-11292,2271,0,
 1654529623604.26904296875,0.01208496093,0.61010742187,-0.81115722656,,,,,,,,
 1654529623611.5322265625,,,,,,4542,-8617,2271,0,
 1654529623648.97729492187,,,,,,4566,-5407,2283,0,
 1654529623685.20166015625,0.00671386718,0.61279296875,-0.80773925781,,,,,,,,
 1654529623692.46484375,,,,,,4566,-1897,2283,0,
 1654529623729.42163085937,,,,,,4606,1695,2303,0,
 1654529623759.20678710937,0.00634765625,0.60681152343,-0.81335449218,,,,,,,,
 1654529623771.78002929687,,,,,,4606,5078,2303,0,
 1654529623809.86596679687,,,,,,4606,8037,2303,0,
 1654529623839.28491210937,0.00610351562,0.59985351562,-0.8212890625,,,,,,,,
 1654529623851.49194335937,,,,,,4606,10345,2303,0,
 1654529623891.16479492187,,,,,,4606,11863,2303,0,
 1654529623919.11889648437,0.0029296875,0.59753417968,-0.82275390625,,,,,,,,
 1654529623931.63110351562,,,,,,4574,12474,2287,0,
 1654529624008.32177734375,,,,,,4558,12157,2279,0,
 1654529624013.54028320312,,,,56,40,,,,
 1654529624024.55712890625,,,,,,4542,10935,2271,0,
 1654529624051.83984375,,,,,,4478,8864,2239,0,
 1654529624080.404296875,0.01293945312,0.59399414062,-0.81726074218,,,,,,,,
 1654529624093.34375,,,,,,4470,6138,2235,0,
 1654529624132.55883789062,,,,,,4462,2937,2231,0,
 1654529624159.07861328125,0.01440429687,0.59484863281,-0.81567382812,,,,,,,,
 1654529624172.5673828125,,,,,,4414,-524,2207,0,
 1654529624214.49853515625,,,,67,100,,,,
 1654529624217.55029296875,,,,,,,,,,67
 1654529624220.75463867187,,,,,,4398,-3991,2199,0,
 1654529624239.12622070312,0.01196289062,0.59948730468,-0.81921386718,,,,,,,,
 1654529624253.255859375,,,,,,4414,-7218,2207,0,
 1654529624293.56958007812,,,,,,4478,-9979,2239,0,
 1654529624319.35693359375,0.0087890625,0.60571289062,-0.81665039062,,,,,,,,
 1654529624334.15795898437,,,,,,4558,-12070,2279,0,
 1654529624373.83081054687,,,,,,4606,-13406,2303,0,
 1654529624399.03833007812,0.01037597656,0.60766601562,-0.81237792968,,,,,,,,
 1654529624414.29711914062,,,,,,4638,-13900,2319,0,
 1654529624454.39721679687,,,,,,4662,-13559,2331,0,
 1654529624479.23852539062,0.01013183593,0.60864257812,-0.81970214843,,,,,,,,
 1654529624495.38232421875,,,,,,4670,-12456,2335,0,
 1654529624535.14672851562,,,,,,4670,-10699,2335,0,
 1654529624559.31665039062,0.00891113281,0.60791015625,-0.81994628906,,,,,,,,
 1654529624575.521484375,,,,,,4686,-8448,2343,0,
 1654529624615.59106445312,,,,,,4686,-5902,2343,0,
 1654529624638.998046875,0.01049804687,0.60241699218,-0.82214355468,,,,,,,,
 1654529624656.27099609375,,,,,,4686,-3290,2343,0,
 1654529624696.09643554687,,,,,,4670,-819,2335,0,
 1654529624719.22875976562,0.00915527343,0.59887695312,-0.83056640625,,,,,,,,
 1654529624736.8984375,,,,,,4654,1314,2327,0,
 1654529624799.12377929687,0.00744628906,0.59716796875,-0.828125,,,,,,,,
 1654529624817.3427734375,,,,,,4598,2952,2299,0,
 1654529624857.32080078125,,,,,,4542,4003,2271,0,
 1654529624878.95776367187,0.01184082031,0.59948730468,-0.82080078125,,,,,,,,
 1654529624897.787109375,,,,,,4526,4404,2263,0,
 1654529624938.58911132812,,,,,,4510,4130,2255,0,
 1654529624943.83813476562,,,,56,40,,,,
 1654529625014.88305664062,0.01806640625,0.6015625,-0.82263183593,,,,,,,,
 1654529625018.97241210937,,,,,,4462,3210,2231,0,
 1654529625039.2666015625,0.01684570312,0.60363769531,-0.8203125,,,,,,,,
 1654529625058.95043945312,,,,,,4382,-119,2191,0,
 1654529625099.50830078125,,,,,,4318,-2222,2159,0,
 1654529625118.91748046875,0.01208496093,0.59411621093,-0.80883789062,,,,,,,,
 1654529625139.486328125,,,,,,4350,-4360,2175,0,
 1654529625179.55590820312,,,,,,4414,-6340,2207,0,
 1654529625199.27026367187,0.01086425781,0.58862304687,-0.80554199218,,,,,,,,
 1654529625220.052734375,,,,,,4510,-7965,2255,0,
 1654529625260.03076171875,,,,,,4570,-9131,2285,0,
 1654529625279.53149414062,0.00927734375,0.59240722656,-0.80407714843,,,,,,,,
 1654529625313.4365234375,,,,67,100,,,,
 1654529625316.6103515625,,,,,,,,,,67
 1654529625319.41796875,,,,,,4606,-9724,2303,0,
 1654529625340.93286132812,,,,,,4670,-9646,2335,0,
 1654529625358.90771484375,0.01062011718,0.59106445312,-0.80749511718,,,,,,,,
 1654529625381.33813476562,,,,,,4694,-8939,2347,0,
 1654529625421.3466796875,,,,,,4718,-7661,2359,0,
 1654529625439.22998046875,0.01123046875,0.59240722656,-0.81225585937,,,,,,,,
 1654529625461.5078125,,,,,,4734,-5919,2367,0,
 1654529625501.791015625,,,,,,4734,-3834,2367,0,
 1654529625519.27758789062,0.00842285156,0.59411621093,-0.81018066406,,,,,,,,
 1654529625542.40991210937,,,,,,4758,-1589,2379,0,
 1654529625582.29638671875,,,,,,4782,621,2391,0,
 1654529625598.8369140625,0.00708007812,0.59606933593,-0.80725097656,,,,,,,,
 1654529625623.18994140625,,,,,,4766,2614,2383,0,
 1654529625662.86279296875,,,,,,4766,4213,2383,0,
 1654529625679.1591796875,0.01062011718,0.5947265625,-0.80798339843,,,,,,,,
 1654529625703.26806640625,,,,,,4734,5269,2367,0,
 1654529625743.6123046875,,,,,,4718,5698,2359,0,
 1654529625759.2373046875,0.01647949218,0.59313964843,-0.81567382812,,,,,,,,
 1654529625784.6279296875,,,,,,4702,5458,2351,0,
 1654529625790.21264648437,,,,60,31,,,,
 1654529625824.20922851562,,,,,,4662,4565,2331,0,
 1654529625839.0712890625,0.02233886718,0.59558105468,-0.82019042968,,,,,,,,
 1654529625864.73657226562,,,,,,4638,3081,2319,0,
 1654529625904.53149414062,,,,,,4606,1154,2303,0,
 1654529625919.17993164062,0.02404785156,0.60083007812,-0.81091308593,,,,,,,,
 1654529625945.36401367187,,,,,,4590,-1034,2295,0,
 1654529626009.75610351562,,,,,,4558,-3295,2279,0,
 1654529626028.55493164062,,,,,,4510,-5442,2255,0,
 1654529626066.27465820312,,,,,,4478,-7256,2239,0,
 1654529626078.75634765625,0.01489257812,0.59777832031,-0.81140136718,,,,,,,,
 1654529626106.46630859375,,,,,,4478,-8585,2239,0,
 1654529626146.29174804687,,,,,,4542,-9287,2271,0,
 1654529626158.95654296875,0.01428222656,0.59765625,-0.8203125,,,,,,,,
 1654529626187.00219726562,,,,,,4606,-9322,2303,0,
 1654529626226.79711914062,,,,,,4702,-8659,2351,0,
 1654529626239.15673828125,0.01293945312,0.59655761718,-0.8203125,,,,,,,,
 1654529626267.20239257812,,,,,,4734,-7416,2367,0,
 1654529626307.36352539062,,,,,,4790,-5721,2395,0,
 1654529626318.71606445312,0.01440429687,0.60131835937,-0.82238769531,,,,,,,,
 1654529626347.67724609375,,,,,,4798,-3758,2399,0,
 1654529626388.265625,,,,,,4814,-1726,2407,0,
 1654529626413.74780273437,,,,66,100,,,,
 1654529626416.830078125,,,,,,,,,,66
 1654529626424.88671875,0.02026367187,0.60668945312,-0.82336425781,,,,,,,,
 1654529626433.0654296875,,,,,,4830,159,2415,0,
 1654529626468.587890625,,,,,,4862,1695,2431,0,
 1654529626479.02490234375,0.02099609375,0.60913085937,-0.81860351562,,,,,,,,
 1654529626509.38989257812,,,,,,4862,2711,2431,0,
 1654529626549.18481445312,,,,,,4862,3086,2431,0,
 1654529626558.67578125,0.01599121093,0.611328125,-0.81530761718,,,,,,,,
 1654529626590.44458007812,,,,,,4862,2777,2431,0,
 1654529626595.60205078125,,,,64,31,,,,
 1654529626629.5986328125,,,,,,4830,1761,2415,0,
 1654529626638.8759765625,0.00964355468,0.60925292968,-0.81896972656,,,,,,,,
 1654529626669.91235351562,,,,,,4830,188,2415,0,
 1654529626710.62280273437,,,,,,4814,-1822,2407,0,
 1654529626718.74047851562,0.00659179687,0.60302734375,-0.82177734375,,,,,,,,
 1654529626750.72290039062,,,,,,4798,-4051,2399,0,
 1654529626790.76196289062,,,,,,4766,-6268,2383,0,
 1654529626799.7646484375,0.01037597656,0.59912109375,-0.82299804687,,,,,,,,
 1654529626831.65551757812,,,,,,4758,-8227,2379,0,
 1654529626871.2978515625,,,,,,4726,-9708,2363,0,
 1654529626879.41552734375,0.01013183593,0.59729003906,-0.82678222656,,,,,,,,
 1654529626912.16088867187,,,,,,4702,-10572,2351,0,
 1654529627006.15502929687,0.005859375,0.59741210937,-0.82543945312,,,,,,,,
 1654529627010.580078125,,,,,,4670,-10698,2335,0,
 1654529627032.97998046875,,,,,,4606,-8686,2303,0,
 1654529627041.03662109375,0.005859375,0.59643554687,-0.81958007812,,,,,,,,
 1654529627072.9580078125,,,,,,4574,-6730,2287,0,
 1654529627113.27172851562,,,,,,4526,-4377,2263,0,
 1654529627121.419921875,0.00793457031,0.59497070312,-0.81579589843,,,,,,,,
 1654529627153.73803710937,,,,,,4566,-1824,2283,0,
 1654529627193.53295898437,,,,,,4606,629,2303,0,
 1654529627201.498046875,0.00903320312,0.59533691406,-0.81811523437,,,,,,,,
 1654529627234.0908203125,,,,,,4694,2787,2347,0,
 1654529627276.87646484375,,,,,,4702,4417,2351,0,
 1654529627282.4306640625,0.00842285156,0.5986328125,-0.8203125,,,,,,,,
 1654529627314.4130859375,,,,,,4758,5377,2379,0,
 1654529627357.47338867187,,,,,,4782,5575,2391,0,
 1654529627362.9970703125,0.00708007812,0.60437011718,-0.81713867187,,,,,,,,
 1654529627439.47412109375,,,,,,4798,5009,2399,0,
 1654529627444.662109375,,,,64,31,,,,
 1654529627476.12573242187,,,,,,4822,3739,2411,0,
 1654529627505.42260742187,,,,66,100,,,,
 1654529627513.69287109375,,,,,,,,,,66
 1654529627522.97021484375,0.01538085937,0.60668945312,-0.81665039062,,,,,,,,
 1654529627527.0595703125,,,,,,4846,1920,2423,0,
 1654529627556.3564453125,,,,,,4862,-266,2431,0,
 1654529627599.5693359375,,,,,,4862,-2591,2431,0,
 1654529627636.61767578125,,,,,,4878,-4812,2439,0,
 1654529627679.67797851562,,,,,,4862,-6719,2431,0,
 1654529627717.611328125,,,,,,4854,-8105,2427,0,
 1654529627760.2138671875,,,,,,4830,-8839,2415,0,
 1654529627797.90307617187,,,,,,4766,-8866,2383,0,
 1654529627840.56665039062,,,,,,4726,-8170,2363,0,
 1654529627878.31689453125,,,,,,4670,-6837,2335,0,
 1654529627921.56030273437,0.01477050781,0.595703125,-0.80895996093,,,,,,,,
 1654529627925.9853515625,,,,,,4630,-4991,2315,0,
 1654529628007.162109375,,,,,,4590,-2817,2295,0,
 1654529628019.70483398437,,,,,,4542,-552,2271,0,
 1654529628082.845703125,0.01086425781,0.59716796875,-0.82458496093,,,,,,,,
 1654529628086.8740234375,,,,,,4462,1577,2231,0,
 1654529628120.22973632812,,,,,,4430,3408,2215,0,
 1654529628163.0458984375,0.01245117187,0.59631347656,-0.82336425781,,,,,,,,
 1654529628167.318359375,,,,,,4414,4730,2207,0,
 1654529628200.765625,,,,,,4438,5413,2219,0,
 1654529628244.49731445312,0.01000976562,0.59802246093,-0.82067871093,,,,,,,,
 1654529628248.95288085937,,,,,,4478,5388,2239,0,
 1654529628254.14086914062,,,,67,76,,,,
 1654529628281.48461914062,,,,,,4510,4628,2255,0,
 1654529628325.36889648437,0.00573730468,0.59887695312,-0.81518554687,,,,,,,,
 1654529628329.48876953125,,,,,,4542,3212,2271,0,
 1654529628362.23413085937,,,,,,4574,1232,2287,0,
 1654529628404.77563476562,0.00476074218,0.59814453125,-0.81066894531,,,,,,,,
 1654529628408.98706054687,,,,,,4574,-1164,2287,0,
 1654529628442.40380859375,,,,,,4542,-3789,2271,0,
 1654529628485.28100585937,0.00744628906,0.59582519531,-0.8095703125,,,,,,,,
 1654529628489.52294921875,,,,,,4574,-6422,2287,0,
 1654529628523.42797851562,,,,,,4574,-8878,2287,0,
 1654529628566.03051757812,0.01184082031,0.59155273437,-0.80383300781,,,,,,,,
 1654529628570.48608398437,,,,,,4590,-10962,2295,0,
 1654529628613.119140625,,,,65,100,,,,
 1654529628616.59814453125,,,,,,,,,,65
 1654529628619.40576171875,,,,,,4574,-12534,2287,0,
 1654529628638.509765625,0.01281738281,0.58959960937,-0.80322265625,,,,,,,,
 1654529628684.22509765625,,,,,,4542,-13474,2271,0,
 1654529628718.31323242187,0.01123046875,0.591796875,-0.814453125,,,,,,,,
 1654529628764.51684570312,,,,,,4506,-13696,2253,0,
 1654529628799.42895507812,0.00634765625,0.59497070312,-0.82165527343,,,,,,,,
 1654529628844.99169921875,,,,,,4430,-13193,2215,0,
 1654529628878.46948242187,0.00402832031,0.59741210937,-0.81884765625,,,,,,,,
 1654529628925.55810546875,,,,,,4382,-11990,2191,0,
 1654529629002.85913085937,0.01135253906,0.59436035156,-0.81958007812,,,,,,,,
 1654529629046.80444335937,0.01257324218,0.59094238281,-0.8251953125,,,,,,,,
 1654529629051.3515625,,,,,,4302,-7839,2151,0,
 1654529629087.02661132812,,,,,,4222,-5193,2111,0,
 1654529629123.373046875,0.00903320312,0.59350585937,-0.82568359375,,,,,,,,
 1654529629130.88037109375,,,,,,4222,-2369,2111,0,
 1654529629155.93530273437,,,,65,100,,,,
 1654529629164.20556640625,,,,,,,,,,65
 1654529629170.76684570312,,,,,,4214,444,2107,0,
 1654529629203.5732421875,0.00952148437,0.59362792968,-0.82385253906,,,,,,,,
 1654529629211.41625976562,,,,,,4270,3084,2135,0,
 1654529629248.28149414062,,,,,,4318,5349,2159,0,
 1654529629278.34130859375,0.01171875,0.59362792968,-0.82409667968,,,,,,,,
 1654529629291.09765625,,,,,,4334,7065,2167,0,
 1654529629329.51928710937,,,,,,4350,8144,2175,0,
 1654529629358.3583984375,0.01904296875,0.59997558593,-0.8251953125,,,,,,,,
 1654529629370.8095703125,,,,,,4350,8517,2175,0,
 1654529629410.3603515625,,,,,,4350,8170,2175,0,
 1654529629415.4873046875,,,,67,76,,,,
 1654529629438.13134765625,0.0224609375,0.59973144531,-0.82470703125,,,,,,,,
 1654529629451.16235351562,,,,,,4318,7093,2159,0,
 1654529629489.88916015625,,,,,,4334,5410,2167,0,
 1654529629518.30102539062,0.02404785156,0.59655761718,-0.81604003906,,,,,,,,
 1654529629531.14892578125,,,,,,4342,3220,2171,0,
 1654529629570.638671875,,,,,,4318,668,2159,0,
 1654529629598.31811523437,0.02685546875,0.60021972656,-0.8193359375,,,,,,,,
 1654529629610.95239257812,,,,,,4334,-2055,2167,0,
 1654529629650.99145507812,,,,,,4286,-4764,2143,0,
 1654529629678.09106445312,0.02404785156,0.59875488281,-0.82299804687,,,,,,,,
 1654529629690.96948242187,,,,,,4286,-7253,2143,0,
 1654529629731.58837890625,,,,,,4254,-9336,2127,0,
 1654529629758.41333007812,0.017578125,0.59399414062,-0.8173828125,,,,,,,,
 1654529629772.23779296875,,,,,,4222,-10870,2111,0,
 1654529629811.9716796875,,,,,,4190,-11740,2095,0,
 1654529629838.27783203125,0.01550292968,0.59387207031,-0.8251953125,,,,,,,,
 1654529629852.46850585937,,,,,,4158,-11925,2079,0,
 1654529629892.56860351562,,,,,,4142,-11377,2071,0,
 1654529629918.08129882812,0.0166015625,0.59692382812,-0.83093261718,,,,,,,,
 1654529629933.00439453125,,,,,,4094,-10185,2047,0,
 1654529630009.9697265625,,,,,,4062,-8435,2031,0,
 1654529630022.63452148437,,,,,,4046,-6271,2023,0,
 1654529630054.09814453125,,,,,,3998,-3872,1999,0,
 1654529630079.36669921875,0.01696777343,0.59948730468,-0.81530761718,,,,,,,,
 1654529630094.62548828125,,,,,,4030,-1363,2015,0,
 1654529630134.75610351562,,,,,,4062,1029,2031,0,
 1654529630158.01049804687,0.01831054687,0.59643554687,-0.81274414062,,,,,,,,
 1654529630174.82568359375,,,,,,4094,3141,2047,0,
 1654529630214.89526367187,,,,,,4142,4852,2071,0,
 1654529630263.60131835937,,,,64,100,,,,
 1654529630266.8056640625,,,,,,,,,,64
 1654529630269.58276367187,0.02111816406,0.59399414062,-0.8115234375,,,,,,,,
 1654529630274.06884765625,,,,,,4174,6062,2087,0,
 1654529630296.13305664062,,,,,,4174,6696,2087,0,
 1654529630318.38037109375,0.02026367187,0.59692382812,-0.81213378906,,,,,,,,
 1654529630336.23315429687,,,,,,4182,6735,2091,0,
 1654529630376.94360351562,,,,,,4182,6220,2091,0,
 1654529630382.2841796875,,,,67,86,,,,
 1654529630398.1533203125,0.01989746093,0.60046386718,-0.81030273437,,,,,,,,
 1654529630417.07421875,,,,,,4206,5198,2103,0,
 1654529630456.625,,,,,,4206,3735,2103,0,
 1654529630478.29248046875,0.02075195312,0.59887695312,-0.81042480468,,,,,,,,
 1654529630497.21337890625,,,,,,4190,1904,2095,0,
 1654529630537.34399414062,,,,,,4190,-125,2095,0,
 1654529630558.3095703125,0.01391601562,0.59509277343,-0.81982421875,,,,,,,,
 1654529630577.90185546875,,,,,,4158,-2283,2079,0,
 1654529630637.92993164062,0.00659179687,0.59643554687,-0.82006835937,,,,,,,,
 1654529630658.49877929687,,,,,,4126,-4449,2063,0,
 1654529630698.41577148437,,,,,,4094,-6520,2047,0,
 1654529630718.37426757812,0.00305175781,0.59704589843,-0.8232421875,,,,,,,,
 1654529630739.15673828125,,,,,,4086,-8390,2043,0,
 1654529630779.0126953125,,,,,,4062,-9971,2031,0,
 1654529630798.26928710937,0.00561523437,0.59729003906,-0.83203125,,,,,,,,
 1654529630819.57055664062,,,,,,4030,-11213,2015,0,
 1654529630859.73168945312,,,,,,4014,-12052,2007,0,
 1654529630878.1337890625,0.01000976562,0.59741210937,-0.83203125,,,,,,,,
 1654529630900.1064453125,,,,,,3966,-12456,1983,0,
 1654529630940.81689453125,,,,,,3950,-12366,1975,0,
 1654529631009.66455078125,0.01196289062,0.59643554687,-0.83203125,,,,,,,,
 1654529631018.7587890625,,,,,,3926,-11778,1963,0,
 1654529631038.07641601562,0.01184082031,0.59704589843,-0.82470703125,,,,,,,,
 1654529631061.63598632812,,,,,,4030,-9061,2015,0,
 1654529631117.84936523437,0.0107421875,0.59948730468,-0.81811523437,,,,,,,,
 1654529631141.86669921875,,,,,,4094,-7011,2047,0,
 1654529631182.05834960937,,,,,,4158,-4618,2079,0,
 1654529631199.23974609375,0.01025390625,0.59948730468,-0.81298828125,,,,,,,,
 1654529631222.18896484375,,,,,,4206,-2000,2103,0,
 1654529631262.533203125,,,,,,4190,677,2095,0,
 1654529631277.94458007812,0.01110839843,0.59643554687,-0.81164550781,,,,,,,,
 1654529631303.27416992187,,,,,,4190,3261,2095,0,
 1654529631363.14965820312,,,,64,100,,,,
 1654529631366.26245117187,,,,,,,,,,64
 1654529631369.40576171875,0.0146484375,0.59289550781,-0.81726074218,,,,,,,,
 1654529631373.46459960937,,,,,,4214,5580,2107,0,
 1654529631387.6552734375,,,,,,4222,7466,2111,0,
 1654529631423.91015625,,,,,,4214,8757,2107,0,
 1654529631438.13134765625,0.01306152343,0.59130859375,-0.81994628906,,,,,,,,
 1654529631464.193359375,,,,,,4222,9340,2111,0,
 1654529631505.0869140625,,,,,,4190,9150,2095,0,
 1654529631510.580078125,,,,67,86,,,,
 1654529631517.904296875,0.01037597656,0.59777832031,-0.82946777343,,,,,,,,
 1654529631544.6376953125,,,,,,4182,8181,2091,0,
 1654529631584.98193359375,,,,,,4158,6472,2079,0,
 1654529631597.76879882812,0.00793457031,0.59765625,-0.8349609375,,,,,,,,
 1654529631625.47875976562,,,,,,4150,4159,2075,0,
 1654529631665.33471679687,,,,,,4094,1396,2047,0,
 1654529631678.12158203125,0.0068359375,0.59765625,-0.82922363281,,,,,,,,
 1654529631705.98413085937,,,,,,4094,-1563,2047,0,
 1654529631746.35888671875,,,,,,4078,-4508,2039,0,
 1654529631759.115234375,0.013671875,0.59973144531,-0.81921386718,,,,,,,,
 1654529631786.30639648437,,,,,,4078,-7190,2039,0,
 1654529631826.68115234375,,,,,,4046,-9397,2023,0,
 1654529631837.728515625,0.01684570312,0.599609375,-0.8115234375,,,,,,,,
 1654529631866.81176757812,,,,,,4014,-10929,2007,0,
 1654529631907.12548828125,,,,,,4014,-11665,2007,0,
 1654529631918.02026367187,0.01208496093,0.60168457031,-0.81103515625,,,,,,,,
 1654529631947.80541992187,,,,,,4078,-11541,2039,0,
 1654529632013.23510742187,,,,,,4158,-10606,2079,0,
 1654529632068.22778320312,,,,,,4270,-8964,2135,0,
 1654529632077.68823242187,0.01501464843,0.59643554687,-0.81481933593,,,,,,,,
 1654529632108.6025390625,,,,,,4318,-6817,2159,0,
 1654529632149.0078125,,,,,,4342,-4394,2171,0,
 1654529632157.94946289062,0.01220703125,0.59912109375,-0.81884765625,,,,,,,,
 1654529632229.4521484375,,,,,,4382,-1919,2191,0,
 1654529632237.53930664062,0.00891113281,0.59729003906,-0.81958007812,,,,,,,,
 1654529632270.40673828125,,,,,,4414,333,2207,0,
 1654529632309.95751953125,,,,,,4414,2152,2207,0,
 1654529632318.16674804687,0.01354980468,0.59533691406,-0.81579589843,,,,,,,,
 1654529632350.72900390625,,,,,,4430,3381,2215,0,
 1654529632390.55444335937,,,,,,4438,3893,2219,0,
 1654529632398.763671875,0.02087402343,0.5986328125,-0.81298828125,,,,,,,,
 1654529632431.63110351562,,,,,,4430,3645,2215,0,
 1654529632437.27685546875,,,,67,86,,,,
 1654529632458.85278320312,,,,64,100,,,,
 1654529632467.21459960937,,,,,,,,,,64
 1654529632476.61401367187,,,,,,4414,2696,2207,0,
 1654529632482.35131835937,0.02233886718,0.60327148437,-0.81481933593,,,,,,,,
 1654529632511.95336914062,,,,,,4398,1166,2199,0,
 1654529632552.2060546875,,,,,,4382,-772,2191,0,
 1654529632560.35424804687,0.015625,0.60339355468,-0.81457519531,,,,,,,,
 1654529632592.4892578125,,,,,,4382,-2872,2191,0,
 1654529632632.2841796875,,,,,,4350,-4958,2175,0,
 1654529632640.3408203125,0.01049804687,0.60034179687,-0.81762695312,,,,,,,,
 1654529632673.23876953125,,,,,,4350,-6799,2175,0,
 1654529632712.8505859375,,,,,,4318,-8241,2159,0,
 1654529632721.029296875,0.01330566406,0.59887695312,-0.82006835937,,,,,,,,
 1654529632753.28637695312,,,,,,4302,-9123,2151,0,
 1654529632796.19409179687,,,,,,4270,-9365,2135,0,
 1654529632801.83984375,0.01977539062,0.60131835937,-0.82434082031,,,,,,,,
 1654529632876.82153320312,,,,,,4310,-8946,2155,0,
 1654529632882.162109375,0.02172851562,0.60241699218,-0.82629394531,,,,,,,,
 1654529632914.78540039062,,,,,,4350,-7918,2175,0,
 1654529633008.87109375,0.0185546875,0.60095214843,-0.81787109375,,,,,,,,
 1654529633013.021484375,,,,,,4446,-6370,2223,0,
 1654529633039.0224609375,,,,,,4558,-2412,2279,0,
 1654529633075.58251953125,,,,,,4574,-367,2287,0,
 1654529633118.55126953125,,,,,,4606,1479,2303,0,
 1654529633156.02685546875,,,,,,4606,2969,2303,0,
 1654529633199.11767578125,,,,,,4638,3980,2319,0,
 1654529633236.83740234375,,,,,,4654,4465,2327,0,
 1654529633280.29443359375,,,,,,4662,4371,2331,0,
 1654529633285.63500976562,,,,68,100,,,,
 1654529633317.40380859375,,,,,,4670,3732,2335,0,
 1654529633360.73876953125,0.01733398437,0.58813476562,-0.82165527343,,,,,,,,
 1654529633365.01123046875,,,,,,4654,2583,2327,0,
 1654529633397.9091796875,,,,,,4654,1058,2327,0,
 1654529633441.09155273437,0.01647949218,0.58801269531,-0.81884765625,,,,,,,,
 1654529633445.2724609375,,,,,,4638,-749,2319,0,
 1654529633478.75024414062,,,,,,4606,-2698,2303,0,
 1654529633521.65795898437,0.01293945312,0.587890625,-0.81750488281,,,,,,,,
 1654529633525.68627929687,,,,,,4590,-4633,2295,0,
 1654529633563.55859375,,,,64,100,,,,
 1654529633567.0986328125,,,,,,,,,,64
 1654529633569.90625,,,,,,4574,-6414,2287,0,
 1654529633602.31591796875,0.01440429687,0.587890625,-0.82104492187,,,,,,,,
 1654529633606.55786132812,,,,,,4542,-7903,2271,0,
 1654529633639.69995117187,,,,,,4510,-9007,2255,0,
 1654529633682.76025390625,0.01818847656,0.59204101562,-0.82995605468,,,,,,,,
 1654529633687.12426757812,,,,,,4478,-9648,2239,0,
 1654529633720.20532226562,,,,,,4446,-9768,2223,0,
 1654529633763.3876953125,0.01586914062,0.59289550781,-0.830078125,,,,,,,,
 1654529633767.44653320312,,,,,,4414,-9381,2207,0,
 1654529633800.92431640625,,,,,,4414,-8469,2207,0,
 1654529633843.98461914062,0.00952148437,0.58813476562,-0.82067871093,,,,,,,,
 1654529633848.04345703125,,,,,,4478,-7087,2239,0,
 1654529633881.70434570312,,,,,,4542,-5332,2271,0,
 1654529633924.42895507812,0.0107421875,0.58898925781,-0.82153320312,,,,,,,,
 1654529633928.64038085937,,,,,,4606,-3334,2303,0,
 1654529634007.5283203125,,,,,,4638,-1234,2319,0,
 1654529634020.52880859375,,,,,,4654,788,2327,0,
 1654529634042.6845703125,,,,,,4670,2601,2335,0,
 1654529634085.59228515625,0.01293945312,0.5947265625,-0.83117675781,,,,,,,,
 1654529634089.98681640625,,,,,,4694,4037,2347,0,
 1654529634113.2412109375,,,,64,100,,,,
 1654529634121.48095703125,,,,,,,,,,64
 1654529634128.59155273437,,,,,,4694,4981,2347,0,
 1654529634157.40014648437,0.01550292968,0.59313964843,-0.82641601562,,,,,,,,
 1654529634203.939453125,,,,,,4718,5353,2359,0,
 1654529634237.35620117187,0.01452636718,0.59240722656,-0.81994628906,,,,,,,,
 1654529634284.90258789062,,,,,,4702,5087,2351,0,
 1654529634290.30419921875,,,,67,97,,,,
 1654529634317.708984375,0.01098632812,0.59313964843,-0.81176757812,,,,,,,,
 1654529634364.73657226562,,,,,,4686,4177,2343,0,
 1654529634397.35986328125,0.01147460937,0.59448242187,-0.80908203125,,,,,,,,
 1654529634445.30297851562,,,,,,4638,2670,2319,0,
 1654529634478.353515625,0.00854492187,0.59619140625,-0.81298828125,,,,,,,,
 1654529634526.11352539062,,,,,,4590,691,2295,0,
 1654529634562.42944335937,0.01025390625,0.59802246093,-0.81896972656,,,,,,,,
 1654529634570.2724609375,,,,,,4574,-1618,2287,0,
 1654529634606.80200195312,,,,,,4526,-4073,2263,0,
 1654529634642.35498046875,0.021484375,0.59777832031,-0.81860351562,,,,,,,,
 1654529634650.28955078125,,,,,,4510,-6459,2255,0,
 1654529634687.2158203125,,,,,,4478,-8580,2239,0,
 1654529634717.33666992187,0.02355957031,0.5966796875,-0.81420898437,,,,,,,,
 1654529634730.4287109375,,,,,,4478,-10194,2239,0,
 1654529634768.20947265625,,,,,,4542,-11157,2271,0,
 1654529634797.4453125,0.021484375,0.59716796875,-0.81848144531,,,,,,,,
 1654529634810.140625,,,,,,4598,-11354,2299,0,
 1654529634877.279296875,0.01843261718,0.59948730468,-0.82568359375,,,,,,,,
 1654529634890.31030273437,,,,,,4638,-10716,2319,0,
 1654529634929.06762695312,,,,,,4654,-9310,2327,0,
 1654529635010.24438476562,0.00964355468,0.6005859375,-0.830078125,,,,,,,,
 1654529635014.6083984375,,,,,,4638,-7232,2319,0,
 1654529635037.64916992187,0.00561523437,0.59790039062,-0.8310546875,,,,,,,,
 1654529635051.13793945312,,,,,,4662,-1797,2331,0,
 1654529635090.4140625,,,,,,4654,1076,2327,0,
 1654529635118.52075195312,0.0078125,0.59777832031,-0.82739257812,,,,,,,,
 1654529635131.21606445312,,,,,,4654,3704,2327,0,
 1654529635171.19409179687,,,,,,4606,5818,2303,0,
 1654529635216.42114257812,,,,64,100,,,,
 1654529635219.47290039062,,,,,,,,,,64
 1654529635222.31103515625,0.01306152343,0.60083007812,-0.82360839843,,,,,,,,
 1654529635226.73608398437,,,,,,4606,7235,2303,0,
 1654529635251.39428710937,,,,,,4590,7783,2295,0,
 1654529635277.88354492187,0.0166015625,0.60119628906,-0.81872558593,,,,,,,,
 1654529635292.6845703125,,,,,,4542,7385,2271,0,
 1654529635298.0556640625,,,,66,97,,,,
 1654529635357.19873046875,0.01818847656,0.59716796875,-0.81115722656,,,,,,,,
 1654529635372.24389648437,,,,,,4502,6074,2251,0,
 1654529635412.6796875,,,,,,4478,3933,2239,0,
 1654529635437.39892578125,0.01684570312,0.59423828125,-0.81494140625,,,,,,,,
 1654529635452.99340820312,,,,,,4446,1163,2223,0,
 1654529635493.001953125,,,,,,4414,-2007,2207,0,
 1654529635517.47705078125,0.01623535156,0.59606933593,-0.82299804687,,,,,,,,
 1654529635533.46826171875,,,,,,4382,-5294,2191,0,
 1654529635573.47680664062,,,,,,4350,-8398,2175,0,
 1654529635597.15844726562,0.01904296875,0.5947265625,-0.82373046875,,,,,,,,
 1654529635614.15673828125,,,,,,4414,-11018,2207,0,
 1654529635654.07373046875,,,,,,4438,-12939,2219,0,
 1654529635677.38916015625,0.01831054687,0.59313964843,-0.81872558593,,,,,,,,
 1654529635694.662109375,,,,,,4494,-13985,2247,0,
 1654529635734.64013671875,,,,,,4522,-14073,2261,0,
 1654529635757.43676757812,0.00964355468,0.59558105468,-0.81640625,,,,,,,,
 1654529635775.65576171875,,,,,,4534,-13223,2267,0,
 1654529635815.29809570312,,,,,,4542,-11483,2271,0,
 1654529635837.1181640625,0.00561523437,0.59460449218,-0.82678222656,,,,,,,,
 1654529635895.80346679687,,,,,,4542,-9056,2271,0,
 1654529635917.47094726562,0.00988769531,0.59204101562,-0.83056640625,,,,,,,,
 1654529635936.60546875,,,,,,4542,-6151,2271,0,
 1654529636012.38061523437,,,,,,4542,-3048,2271,0,
 1654529636025.47265625,,,,,,4542,-18,2271,0,
 1654529636057.42456054687,,,,,,4534,2686,2267,0,
 1654529636077.07788085937,0.01696777343,0.60107421875,-0.81896972656,,,,,,,,
 1654529636097.55517578125,,,,,,4502,4840,2251,0,
 1654529636137.6552734375,,,,,,4478,6275,2239,0,
 1654529636157.4306640625,0.01525878906,0.60021972656,-0.82067871093,,,,,,,,
 1654529636178.4267578125,,,,,,4446,6896,2223,0,
 1654529636218.86254882812,,,,,,4414,6709,2207,0,
 1654529636224.3251953125,,,,65,97,,,,
 1654529636237.5087890625,0.0185546875,0.59985351562,-0.82666015625,,,,,,,,
 1654529636258.81005859375,,,,,,4398,5738,2199,0,
 1654529636315.72534179687,,,,64,100,,,,
 1654529636319.11279296875,,,,,,,,,,64
 1654529636321.92041015625,,,,,,4350,4083,2175,0,
 1654529636327.81030273437,0.02124023437,0.59655761718,-0.82434082031,,,,,,,,
 1654529636340.93286132812,,,,,,4334,1914,2167,0,
 1654529636379.720703125,,,,,,4310,-573,2155,0,
 1654529636397.26831054687,0.01831054687,0.59399414062,-0.81799316406,,,,,,,,
 1654529636420.00390625,,,,,,4286,-3156,2143,0,
 1654529636459.95141601562,,,,,,4318,-5595,2159,0,
 1654529636477.43798828125,0.01586914062,0.59484863281,-0.81188964843,,,,,,,,
 1654529636500.66186523437,,,,,,4350,-7695,2175,0,
 1654529636540.4873046875,,,,,,4430,-9286,2215,0,
 1654529636556.99731445312,0.0126953125,0.59521484375,-0.81323242187,,,,,,,,
 1654529636581.83862304687,,,,,,4462,-10274,2231,0,
 1654529636621.0537109375,,,,,,4510,-10603,2255,0,
 1654529636637.35009765625,0.01123046875,0.59655761718,-0.81591796875,,,,,,,,
 1654529636661.42846679687,,,,,,4542,-10202,2271,0,
 1654529636701.83374023437,,,,,,4534,-9172,2267,0,
 1654529636717.39770507812,0.01049804687,0.59606933593,-0.81616210937,,,,,,,,
 1654529636742.11694335937,,,,,,4558,-7543,2279,0,
 1654529636782.27807617187,,,,,,4590,-5473,2295,0,
 1654529636796.95703125,0.01220703125,0.59692382812,-0.8193359375,,,,,,,,
 1654529636822.98852539062,,,,,,4598,-3110,2299,0,
 1654529636862.78344726562,,,,,,4590,-623,2295,0,
 1654529636877.30981445312,0.01306152343,0.60144042968,-0.81677246093,,,,,,,,
 1654529636903.5244140625,,,,,,4590,1816,2295,0,
 1654529636943.38037109375,,,,,,4574,4022,2287,0,
 1654529637012.01440429687,0.01342773437,0.60144042968,-0.82067871093,,,,,,,,
 1654529637021.26123046875,,,,,,4542,5828,2271,0,
 1654529637039.93798828125,0.0146484375,0.59936523437,-0.82360839843,,,,,,,,
 1654529637064.68774414062,,,,,,4510,7763,2255,0,
 1654529637105.82543945312,,,,,,4502,7698,2251,0,
 1654529637111.10498046875,,,,65,97,,,,
 1654529637117.8798828125,0.01208496093,0.59838867187,-0.81970214843,,,,,,,,
 1654529637145.43725585937,,,,,,4470,6926,2235,0,
 1654529637185.07958984375,,,,,,4414,5438,2207,0,
 1654529637197.31713867187,0.01403808593,0.59692382812,-0.81579589843,,,,,,,,
 1654529637225.66796875,,,,,,4398,3386,2199,0,
 1654529637265.67651367187,,,,,,4382,860,2191,0,
 1654529637276.87646484375,0.02014160156,0.59729003906,-0.81201171875,,,,,,,,
 1654529637305.990234375,,,,,,4342,-1967,2171,0,
 1654529637346.42602539062,,,,,,4350,-4857,2175,0,
 1654529637357.10717773437,0.02392578125,0.6005859375,-0.80908203125,,,,,,,,
 1654529637387.22802734375,,,,,,4414,-7579,2207,0,
 1654529637410.26879882812,,,,64,100,,,,
 1654529637413.7783203125,,,,,,,,,,64
 1654529637427.083984375,,,,,,4478,-9917,2239,0,
 1654529637437.39892578125,0.0185546875,0.60424804687,-0.8046875,,,,,,,,
 1654529637467.7333984375,,,,,,4526,-11704,2263,0,
 1654529637507.40625,,,,,,4558,-12767,2279,0,
 1654529637547.75048828125,,,,,,4606,-13003,2303,0,
 1654529637588.12524414062,,,,,,4606,-12423,2303,0,
 1654529637597.03637695312,0.01184082031,0.59753417968,-0.82263183593,,,,,,,,
 1654529637628.40844726562,,,,,,4606,-11045,2303,0,
 1654529637708.85278320312,,,,,,4654,-9013,2327,0,
 1654529637749.16650390625,,,,,,4650,-6526,2325,0,
 1654529637757.37573242187,0.01489257812,0.5986328125,-0.8203125,,,,,,,,
 1654529637789.90747070312,,,,,,4654,-3818,2327,0,
 1654529637829.70239257812,,,,,,4638,-1157,2319,0,
 1654529637870.04663085937,,,,,,4606,1190,2303,0,
 1654529637910.482421875,,,,,,4606,3027,2303,0,
 1654529637918.75268554687,0.00476074218,0.58923339843,-0.81811523437,,,,,,,,
 1654529638002.58447265625,,,,,,4606,4162,2303,0,
 1654529638016.28686523437,,,,,,4574,4484,2287,0,
 1654529638031.8203125,,,,,,4542,3971,2271,0,
 1654529638037.52709960937,,,,65,97,,,,
 1654529638071.7373046875,,,,,,4502,2693,2251,0,
 1654529638081.16723632812,0.01525878906,0.59887695312,-0.81323242187,,,,,,,,
 1654529638112.23413085937,,,,,,4478,825,2239,0,
 1654529638151.99853515625,,,,,,4446,-1432,2223,0,
 1654529638160.20776367187,0.01342773437,0.59924316406,-0.82006835937,,,,,,,,
 1654529638192.953125,,,,,,4430,-3785,2215,0,
 1654529638235.37255859375,,,,,,4398,-5974,2199,0,
 1654529638241.10986328125,0.01354980468,0.59936523437,-0.82641601562,,,,,,,,
 1654529638272.9091796875,,,,,,4414,-7710,2207,0,
 1654529638315.93896484375,,,,,,4478,-8788,2239,0,
